喜爱,认识,看过,屏蔽
"上原瑞穂","桜空もも","SONE-065","伊藤舞雪"
"紗倉まな","橋本ありな","IPX-987","星宮一花"
"めぐり","栗宮ふたば","SONE-127","美谷朱里"
"石原莉奈","miru","JUR-005","石川澪"
"羽田あい","天使もえ","ABP-583","小宵こなん"
"古川伊织","藤かんな","IPZZ-170","香水じゅん"
"西田カリナ","新ありな","SIVR-366","河北彩花"
"美咲かんな","野々浦暖","MIDV-890","山手梨愛"
"三上悠亜","希島あいり","START-097","相沢みなみ"
"八神さおり","水川スミレ","SONE-443","森日向子"
"吉高寧々","明里つむぎ","IPX-883","佐山愛"
"岬ななみ","篠田ゆう","PRED-724","水卜さくら"
"小倉由菜","恋渕ももな","IPZZ-415","森沢かな"
"楓カレン","松下紗栄子","ABF-159","FC2-2763672"
"伊賀まこ","七ツ森りり","CHN-123","小野夕子"
"根尾あかり","沖宮那美","ABF-153","小花のん"
"涼森れむ","瀧本雫葉","ABW-216","工藤ゆら"
"ひなたまりん","Miru","IPX-298","蜜美杏"
"琴宮リオナ","坂道みる","SONE-054","天川そら"
"美乃すずめ","水野朝陽","SONE-385","楪カレン"
"木下凛々子","篠田優","JUQ-893","つばさ舞"
"夏目響","麻里梨夏","IPX-706","北野未奈"
"三宮つばき","永瀬ゆい","ADN-388","波多野結衣"
"八掛うみ","RION","STAR-998","桃乃木かな"
"成美このは","設楽ゆうひ","ABP-347","つぼみ"
"白峰ミウ","川越にこ","JUL-698","神菜美まい"
"愛弓りょう","小那海あや","SAIT-011","東雲みれい"
"宮下玲奈","友田彩也香","FSDSS-809","広瀬りおな"
"流川夕","AIKA","STARS-968","日向なつ"
"星乃莉子","佐佐波綾","SONE-012","有岡みう"
"凪ひかる",,"STARS-123","新村あかり"
"茉城まみ",,"IPBZ-010","日泉舞香"
"明日葉みつは",,"SONE-256","宮島めい"
"心陽のぞ美",,"STARS-827","吉岡ひより"
"浅野こころ",,"JUQ-856","花狩まい"
"一心えりか",,"DASS-463","天馬ゆい"
"佐々木さき",,"MIDV-822","西宮ゆめ"
"三田真鈴",,"ABF-142","楓ふうあ"
"本庄鈴",,"ADN-591","神木麗"
"青空ひかり",,"SSIS-057","JULIA"
"田中レモン",,"ABW-063","神木"
"大槻ひびき",,"STARS-307","麗"
"三浦歩美",,"SSNI-865","坂井千晴"
"加美杏奈",,"ABF-125","橘メアリー"
"古川いおり",,"START-038","HUNTB-409"
"善場まみ",,"SSIS-826","舞原聖"
"Rio",,"SSIS-950","七瀬いおり"
"IPZ-462",,"MIDV-791","TEN-031"
"Abigaile Johnson",,"STARS-182","SEI-007"
,,"IPZZ-329","はやのうた"
,,"MIDV-530","BEAF-048"
,,"SSNI-521","BLK-612"
,,"ABW-361","妃ひかり"
,,"STAR-652","FC2-2760723"
,,"IPX-228","七沢みあ"
,,"MEYD-589","白桃はな"
,,"MIDV-185","山岸逢花"
,,"ABP-178","夢乃あいか"
,,"PRED-685","MKMP-492"
,,"SONE-224","ローレン花恋"
,,"PFES-065","皆瀬あかり"
,,"SONE-081","天音まひな"
,,"IPZZ-300","弥生みづき"
,,"SONE-111","本田もも"
,,"FSDSS-788","MIAA-613"
,,"SSIS-663","AOZ-314"
,,"STARS-944","白川ゆず"
,,"FSDSS-099","BLK-608"
,,"FSDSS-774","FC2-"
,,"IPZZ-276","時田亜美"
,,"IPX-122","明日見未来"
,,"SONE-180","DVDMS-797"
,,"FSDSS-770","中野七緒"
,,"MIDV-676","佐伯由美香"
,,"ABF-099","宮西ひかる"
,,"ABP-859","乙アリス"
,,"MANE-018","藍芽みずき"
,,"IPZZ-257","あまつか亜夢"
,,"IPZZ-242","POW-040"
,,"MIDV-640","DPMI-055"
,,"MTALL-103","MISM-225"
,,"STAR-985","竹内夏希"
,,"ABW-179","AKDL-099"
,,"ADN-499","武藤あやか"
,,"KSBJ-291","たちばな日菜"
,,"SONE-001","由愛可奈"
,,"MIDV-590","JAC-095"
,,"ABP-984","高橋しょう子"
,,"MIAA-432","小湊よつ葉"
,,"STARS-293","八蜜凛"
,,"IPZZ-112","安齋らら"
,,"IPZZ-192","五十嵐なつ"
,,"ABF-032","うんぱい"
,,"SSIS-947","西條るり"
,,"IPX-777","日向かえで"
,,"LULU-258","三葉ちはる"
,,"JUQ-532","宍戸里帆"
,,"FSDSS-672","円井萌華"
,,"STARS-946","愛宝すず"
,,"MIAA-152","希咲那奈"
,,"STAR-940","伊織羽音"
,,"ACHJ-026","安位カヲル"
,,"STAR-956","朝田ひまり"
,,"URE-085","夢見るぅ"
,,"MIDV-490","小倉七海"
,,"ABW-006","桃尻かなめ"
,,"FC2PPV-1973430","柊木楓"
,,"JUQ-380","与田さくら"
,,"SNIS-766","有栖花あか"
,,"JUQ-306","夏木りん"
,,"CJOD-312","広瀬蓮"
,,"CJOD-277","琴音華"
,,"ABF-017","白坂みあん"
,,"SSNI-378","二階堂夢"
,,"ABW-114","仲村みう"
,,"JUQ-285","瀬田一花"
,,"IPX-470","STARS-361"
,,"ABW-096","香澄りこ"
,,"GVH-538","本田瞳"
,,"IPX-554","南乃そら"
,,"STARS-168","石原希望"
,,"IPX-456","桃園怜奈"
,,"ABW-311","STARS-199"
,,"IPZZ-011","叶愛"
,,"ABW-314","希崎ジェシカ"
,,"ABP-376","山崎水愛"
,,"STARS-753","小野六花"
,,"STARS-786","凪沙ゆきの"
,,"MIMK-082","MIDE-790"
,,"EYAN-051","メロディー・雛・マークス"
,,"ABW-032","百瀬あすか"
,,"IPX-247","朝比奈ななせ"
,,"VRTM-444","一乃あおい"
,,"STARS-104","美園和花"
,,"HDKA-271","IPZZ-034"
,,"ABW-305","五日市芽依"
,,"MEYD-115","宇野みれい"
,,"MIDV-118","斎藤あみり"
,,"IPX-061","横宮七海"
,,"XRW-663","葵いぶき"
,,"FSDSS-260","東條なつ"
,,"ZEAA-64","椎名ゆな"
,,"STARS-716","斎藤さん"
,,"MIDV-206","神宮寺ナオ"
,,"ABW-232","八木奈々"
,,"JUL-954","柏木こなつ"
,,"ADN-424","北条麻妃"
,,"JUQ-094","本郷愛"
,,"MIDV-161","並木あいな"
,,"IPX-740","吉根ゆりあ"
,,"OFJE-352","九野ひなの"
,,"JUQ-081","葵つかさ"
,,"AMBI-135","鈴村あいり"
,,"OKP-042","日下部加奈"
,,"STARS-676","三尾めぐ"
,,"ABW-271","沙月恵奈"
,,"PRED-164","水端あさみ"
,,"AVOP-001","竹内有紀"
,,"SSIS-287","MINAMO"
,,"MNSE-007","さつき芽衣"
,,"XRW-842","神木蘭"
,,"IPX-700","皆月ひかる"
,,"ABW-244","上戸まり"
,,"MEYD-744","MIUM-086"
,,"IPZ-075","SIRO-3171"
,,"IPX-772","IBW-518z"
,,"ABW-147","七嶋舞"
,,"IPX-653","水原みその"
,,"SSNI-516","乙白さやか"
,,"SSIS-419","九条みちる"
,,"CAWD-357","伊東沙蘭"
,,"STARS-164","前田桃杏"
,,"STARS-372","山口葉瑠"
,,"DTT-049","岬さくら"
,,"BAB-034","川上奈々美"
,,"STARS-556","希のぞみ"
,,"SDDE-625","戸田真琴"
,,"IPX-641","新美かりん"
,,"STARS-437","松本いちか"
,,"VENX-098","枢木あおい"
,,"SDDE-651","池沼ミキオ"
,,"SSIS-338","滝川恵理"
,,"FSDSS-377","CHRV-142"
,,"CSCT-004","藤森里穂"
,,"EBOD-798","金谷うの"
,,"TRE-092","碓氷れん"
,,"IPX-753","瀬名ひかり"
,,"ABF-168","かなで自由"
,,,"七海ティナ"
,,,"二宮ひかり"
,,,"二葉エマ"
,,,"乙都さきの"
,,,"加藤ももか"
,,,"唯井まひろ"
,,,"堀北わん"
,,,"市川まさみ"
,,,"広瀬なるみ"
,,,"新名あみん"
,,,"加藤桃香"
,,,"晶エリー"
,,,"吉永このみ"
,,,"椎名そら"
,,,"天野美优"
,,,"桜樹玲奈"
,,,"永野いち夏"
,,,"河北はるな"
,,,"河北恵美"
,,,"深沢いのり"
,,,"深田えいみ"
,,,"白城リサ"
,,,"蓮実クレア"
,,,"辻井ほのか"
,,,"間瀬あいか"
,,,"米倉穂香"
,,,"青山翔"
,,,"あやみ旬果"
,,,"三原ほのか"
,,,"一ノ瀬もも"
,,,"今永さな"
,,,"伊東ちなみ"
,,,"黒島玲衣"
,,,"鷲尾めい"
,,,"風間ゆみ"
,,,"金松季歩"
,,,"長浜みつり"
,,,"PRIAN-007"
,,,"MXGS-1367"
,,,"輝星きら"
,,,"逢沢みゆ"
,,,"MXGS-1366"
,,,"MXGS-1365"
,,,"莉々はるか"
,,,"渚恋生"
,,,"Himari"
,,,"上羽絢"
,,,"田野憂"
,,,"椿りか"
,,,"清原みゆう"
,,,"椿ゆな"
,,,"五条恋"
,,,"倉本すみれ"
,,,"夏樹友香"
,,,"天羽りりか"
,,,"奥田咲"
,,,"姫咲はな"
,,,"小沢菜穂"
,,,"市来まひろ"
,,,"庵ひめか"
,,,"未歩なな"
,,,"月野かすみ"
,,,"村上悠華"
,,,"柴崎はる"
,,,"橋村依里南"
,,,"白上咲花"
,,,"白崎いろは"
,,,"白星優菜"
,,,"白石茉莉奈"
,,,"百田光希"
,,,"矢埜愛茉"
,,,"石田佳蓮"
,,,"篠原いよ"
,,,"三木環奈"
,,,"藤咲舞"
,,,"鈴の家りん"
,,,"NHDTB-983"
,,,"花沢ひまり"
,,,"綾瀬天"
,,,"絵恋空"
,,,"白穂乃愛"
,,,"水戸かな"
,,,"水川潤"
,,,"森澤佳奈"
,,,"松本菜奈実"
,,,"朝日胡桃"
,,,"朝海汐"
,,,"白岩冬萌"
,,,"役野満里奈"
,,,"小日向みゆう"
,,,"小坂ひまり"
,,,"宮城りえ"
,,,"女神ジュン"
,,,"夕美しおん"
,,,"古東まりこ"
,,,"倖月セラ"
,,,"佐山由依"
,,,"三池小春"
,,,"一色桃子"
,,,"みなと羽琉"
,,,"丸石レア"
,,,"RARA"
,,,"雨宮ひびき"
,,,"鈴音まゆ"
,,,"足立友梨"
,,,"渚あいり"
,,,"滝冬ひかり"
,,,"清宮仁愛"
,,,"海老咲あお"
,,,"椎名心春"
,,,"梓ヒカリ"
,,,"月見若葉"
,,,"早坂ひめ"
,,,"彩月七緒"
,,,"小坂七香"
,,,"夢実かなえ"
,,,"吉沢梨亜"
,,,"友田真希"
,,,"夏夜える"
,,,"千川とわ"
,,,"北岡果林"
,,,"兒玉七海"
,,,"仁藤さや香"
,,,"黒川すみれ"
,,,"鈴音杏夏"
,,,"都月るいさ"
,,,"藤井蘭々"
,,,"菊乃らん"
,,,"葉山さゆり"
,,,"美波こづえ"
,,,"MISM-306"
,,,"神楽ももか"
,,,"知佳瀬文香"
,,,"百永さりな"
,,,"田中ねね"
,,,"沙月ふみの"
,,,"永井みひな"
,,,"DVMM-049"
,,,"林ゆな"
,,,"森歩乃花"
,,,"月野江すい"
,,,"SONE-051"
,,,"広瀬ゆり"
,,,"実浜みき"
,,,"DPMI-089"
,,,"天月あず"
,,,"天晴乃愛"
,,,"佐野ゆま"
,,,"中野まこ"
,,,"七瀬アリス"
,,,"臼井リカ"
,,,"白浜のぞみ"
,,,"LULU-274"
,,,"中山ふみか"
,,,"冬愛ことね"
,,,"羽月乃蒼"
,,,"星明日菜"
,,,"宝田もなみ"
,,,"釈アリス"
,,,"鈴木真夕"
,,,"西村ニーナ"
,,,"神谷のこ"
,,,"河合あすな"
,,,"森あやみ"
,,,"来生かほ"
,,,"月乃ルナ"
,,,"小谷舞花"
,,,"御園もも"
,,,"宮本聡美"
,,,"宮本留衣"
,,,"夕雛エミリ"
,,,"二羽紗愛"
,,,"夏目彩春"
,,,"ゆめ莉りか"
,,,"中森心々奈"
,,,"十束るう"
,,,"奥井楓"
,,,"如月りいさ"
,,,"小野りんか"
,,,"STARTBD-013"
,,,"新井リマ"
,,,"春陽モカ"
,,,"末広純"
,,,"高橋ほなみ"
,,,"STARTBD-043"
,,,"雛乃ゆな"
,,,"神代いつか"
,,,"胡桃にな"
,,,"楠エリサ"
,,,"白石もも"
,,,"七海那美"
,,,"咲乃ミライ"
,,,"宮崎千尋"
,,,"星乃夏月"
,,,"春野ゆこ"
,,,"玉城夏帆"
,,,"三田サクラ"
,,,"中村彩"
,,,"咲野瑞希"
,,,"堀田真央"
,,,"小野坂ゆいか"
,,,"松下りこ"
,,,"武田怜香"
,,,"永井マリア"
,,,"黒木奈美"
,,,"NHDTB-926"
,,,"まんげつおちゃずけくも"
,,,"FTAVBD-001"
,,,"NHDTB-964"
,,,"麻美ゆま"
,,,"静河真理子"
,,,"SUWK-024"
,,,"SDMF-052"
,,,"MOGI-137"
,,,"MEAD-001"
,,,"雪代一鳳"
,,,"FTAV-001"
,,,"一ノ瀬あおい"
,,,"瀬緒凛"
,,,"千石もなか"
,,,"塔乃花鈴"
,,,"天宮花南"
,,,"愛花あゆみ"
,,,"日向陽葵"
,,,"朝宮ラナ"
,,,"松本梨穂"
,,,"架乃ゆら"
,,,"七原さゆ"
,,,"与田りん"
,,,"乃坂ひより"
,,,"花里アカリ"
,,,"蒼いおり"
,,,"能城星華"
,,,"胡桃さくら"
,,,"美波汐里"
,,,"篠真有"
,,,"相坂すみれ"
,,,"白雪美月"
,,,"白石なぎさ"
,,,"白川まゆ"
,,,"泉ももか"
,,,"榊原萌"
,,,"森川香澄"
,,,"朝霧ましろ"
,,,"似鳥日菜"
,,,"入田真綾"
,,,"TCHR-029"
,,,"上坂めい"
,,,"乙羽あむ"
,,,"りょう"
,,,"朱音ゆい"
,,,"平岡里枝子"
,,,"凛音とうか"
,,,"浜崎真緒"
,,,"SSNI-485"
,,,"SSNI-444"
,,,"佐々木あき"
,,,"SSNI-424"
,,,"吉沢明歩"
,,,"わか菜ほの"
,,,"加藤あやの"
,,,"月雲よる"
,,,"堤セリナ"
,,,"赤城穂波"
,,,"推川ゆうり"
,,,"依本しおり"
,,,"朝日りお"
,,,"栗山莉緒"
